,Center,EN_NAME,Neighbor1,TRUE
0,"(43.63202777777777, 113.75647222222221)",ZBAAAR01,"[167, 168]",Yes
1,"(41.93784722222222, 116.36958333333332)",ZBAAAR02,"[167, 169, 170, 171, 172]",Yes
2,"(40.553125, 116.43861111111111)",ZBAAAR03,"[169, 173, 174, 175, 176, 177]",Yes
3,"(41.04493055555555, 117.91472222222222)",ZBAAAR04,"[170, 173, 178, 179]",Yes
4,"(40.984375, 114.66743055555555)",ZBAAAR05,"[171, 174, 180, 181]",Yes
5,"(39.51305555555556, 114.28657407407407)",ZBAAAR06,"[175, 180, 182, 183, 184, 185]",Yes
6,"(41.25694444444445, 111.38893518518518)",ZBAAAR07,"[186, 187, 188]",Yes
7,"(41.10634920634921, 108.13154761904762)",ZBAAAR08,"[186, 189, 190, 191, 192, 193]",Yes
8,"(37.568125, 112.28423611111111)",ZBAAAR09,"[194, 195]",Yes
9,"(38.61718750000001, 112.74118055555556)",ZBAAAR10,"[182, 187, 189, 194, 196, 197, 198, 199, 200]",Yes
10,"(36.633, 113.23894444444446)",ZBAAAR11,"[195, 196, 201, 202, 203, 204, 205, 206]",Yes
11,"(38.41416666666667, 115.16144444444444)",ZBAAAR12,"[183, 197, 201, 207, 208, 209, 210]",Yes
12,"(37.11962962962963, 114.92175925925926)",ZBAAAR13,"[198, 202, 207, 211, 212, 213, 214]",Yes
13,"(38.04319444444444, 115.85486111111112)",ZBAAAR15,"[208, 211, 215, 216]",Yes
14,"(37.73777777777778, 116.46777777777778)",ZBAAAR17,"[209, 212, 215, 217, 218]",Yes
15,"(38.11, 117.24185185185185)",ZBAAAR18,"[217, 219, 220]",Yes
16,"(39.21069444444444, 116.77479166666666)",ZBAAAR19,"[176, 178, 184, 210, 216, 218, 219, 221, 222]",Yes
17,"(39.61020833333333, 118.15222222222222)",ZBAAAR20,"[177, 179, 221, 223, 224, 225]",Yes
18,"(38.97314814814815, 119.34555555555556)",ZBAAAR21,"[223, 226, 227, 228]",Yes
19,"(38.267916666666665, 118.48194444444445)",ZBAAAR22,"[220, 222, 224, 226, 229, 230, 231]",Yes
20,"(36.74366666666667, 118.23722222222223)",ZBAAAR23,"[213, 229, 232, 233, 234, 235]",Yes
21,"(35.53861111111111, 117.53049999999999)",ZBAAAR24,"[232, 236, 237, 238, 239, 240]",Yes
22,"(35.148, 114.13272222222221)",ZBAAAR25,"[203, 214, 233, 236, 241, 242, 243]",Yes
23,"(33.425069444444446, 114.72840277777779)",ZBAAAR27,"[237, 241, 244, 245, 246, 247, 248]",Yes
24,"(33.84868055555555, 112.6301388888889)",ZBAAAR29,"[204, 242, 244, 249, 250, 251, 252, 253]",Yes
25,"(34.47972222222222, 112.3125)",ZBAAAR30,"[205, 243, 245, 249, 254, 255]",Yes
26,"(33.28, 112.80611111111112)",ZBAAAR31,"[246, 250, 254, 256, 257]",Yes
27,"(40.59175925925926, 113.20231481481483)",ZBAAAR32,"[181, 185, 199]",Yes
28,"(31.522222222222222, 107.86194444444445)",ZUUUAR01,"[258, 259, 260, 261]",Yes
29,"(30.45344444444445, 100.0855)",ZUUUAR03,"[262, 263, 264]",Yes
30,"(31.885208333333335, 104.2292361111111)",ZUUUAR04,"[265, 266, 267, 268, 269]",Yes
31,"(30.670092592592596, 105.73648148148148)",ZUUUAR05,"[258, 270, 271, 272, 273, 274]",Yes
32,"(29.486722222222227, 104.11755555555555)",ZUUUAR08,"[270, 275, 276, 277, 278, 279, 280]",Yes
33,"(29.008958333333336, 106.64125)",ZUUUAR10,"[271, 275, 281, 282, 283, 284, 285]",Yes
34,"(30.61777777777778, 104.27409722222222)",ZUUUAR11,"[265, 272, 276, 286, 287, 288]",Yes
35,"(31.30722222222222, 102.63977777777777)",ZUUUAR12,"[262, 266, 277, 286, 289]",Yes
36,"(30.081444444444447, 108.27111111111113)",ZUUUAR13,"[259, 281, 290, 291, 292, 293, 294]",Yes
37,"(31.433333333333337, 106.33212962962962)",ZUUUAR15,"[260, 273, 287, 295, 296]",Yes
38,"(32.013703703703705, 106.03527777777776)",ZUUUAR16,"[267, 288, 295, 297, 298]",Yes
39,"(28.09394444444444, 104.10683333333334)",ZUUUAR18,"[278, 282, 299, 300, 301]",Yes
40,"(30.247430555555557, 106.858125)",ZUUUAR20,"[261, 274, 279, 283, 290, 296]",Yes
41,"(27.617277777777776, 108.55199999999999)",ZUUUAR21,"[284, 291, 302, 303, 304, 305, 306]",Yes
42,"(27.488444444444447, 106.03566666666666)",ZUUUAR24,"[285, 299, 302, 307, 308]",Yes
43,"(28.568666666666665, 101.95383333333334)",ZUUUAR25,"[263, 280, 289, 300, 309]",Yes
44,"(25.988444444444447, 106.87444444444445)",ZUUUAR26,"[303, 307, 310, 311, 312]",Yes
45,"(38.72958333333334, 120.94229166666668)",ZYTLAR01,"[227, 230, 313, 314, 315, 316, 317, 318]",Yes
46,"(39.24016666666667, 121.74394444444445)",ZYTLAR02,"[313, 319, 320, 321, 322]",Yes
47,"(38.33638888888889, 123.03305555555556)",ZYTLAR03,"[314, 319, 323, 324, 325, 326]",Yes
48,"(40.237341269841274, 123.53944444444446)",ZYTLAR07,"[320, 323, 327]",Yes
49,"(42.28136111111111, 127.80005555555559)",ZYTLAR09,"[327, 328, 329]",Yes
50,"(24.068981481481483, 114.96462962962964)",ZGGGAR01,"[330, 331, 332]",Yes
51,"(24.225740740740743, 113.16666666666667)",ZGGGAR03,"[333, 334, 335, 336, 337]",Yes
52,"(23.05097222222222, 115.35923611111112)",ZGGGAR06,"[330, 338, 339]",Yes
53,"(25.20838888888889, 109.95538888888889)",ZGGGAR11,"[304, 310, 340, 341, 342, 343, 344, 345]",Yes
54,"(26.389999999999997, 111.41666666666667)",ZGGGAR12,"[340, 346, 347, 348, 349, 350]",Yes
55,"(28.35233333333333, 113.15905555555555)",ZGGGAR13,"[346, 351, 352, 353, 354, 355, 356, 357]",Yes
56,"(31.311865079365077, 110.82392857142858)",ZGGGAR17,"[251, 256, 292, 358, 359, 360, 361, 362]",Yes
57,"(31.958293650793653, 113.9354761904762)",ZGGGAR21,"[247, 358, 363, 364, 365, 366]",Yes
58,"(24.62372222222222, 112.00938888888888)",ZGGGAR23,"[333, 341, 347, 367, 368, 369, 370]",Yes
59,"(21.639791666666667, 112.20465277777777)",ZGGGAR24,"[371, 372, 373, 374]",Yes
60,"(26.718611111111112, 113.22777777777776)",ZGGGAR25,"[348, 351, 367, 375, 376, 377]",Yes
61,"(30.115416666666665, 113.78840277777779)",ZGGGAR27,"[352, 363, 378, 379, 380, 381]",Yes
62,"(23.209351851851853, 113.3976851851852)",ZGGGAR29,"[334, 338, 368, 371, 382]",Yes
63,"(23.06597222222222, 111.46562499999999)",ZGGGAR30,"[335, 342, 369, 372, 382, 383, 384]",Yes
64,"(30.36922222222222, 112.02194444444444)",ZGGGAR31,"[353, 359, 364, 378, 385]",Yes
65,"(27.237222222222226, 110.06657407407407)",ZGGGAR32,"[305, 343, 349, 386]",Yes
66,"(25.097962962962963, 113.31574074074075)",ZGGGAR33,"[336, 370, 375, 387, 388]",Yes
67,"(24.645370370370372, 114.04240740740742)",ZGGGAR34,"[331, 337, 387, 389, 390]",Yes
68,"(25.615347222222223, 114.26381944444444)",ZGGGAR35,"[376, 388, 389, 391, 392]",Yes
69,"(30.459555555555557, 115.06583333333333)",ZGGGAR36,"[354, 365, 379, 393, 394, 395, 396]",Yes
70,"(28.861388888888893, 110.7326388888889)",ZGGGAR37,"[293, 306, 350, 355, 360, 385, 386]",Yes
71,"(24.975208333333335, 115.3007638888889)",ZGGGAR38,"[332, 390, 391, 397, 398]",Yes
72,"(26.331944444444446, 115.29222222222222)",ZGGGAR40,"[377, 392, 397, 399, 400, 401, 402]",Yes
73,"(44.252222222222215, 127.87511904761907)",ZYHBAR02,"[328, 403, 404]",Yes
74,"(45.53755555555556, 123.56105555555555)",ZYHBAR03,"[405, 406]",Yes
75,"(49.4762962962963, 119.63350308641975)",ZYHBAR04,"[407, 408]",Yes
76,"(47.99596743295018, 128.0040804597701)",ZYHBAR05,"[329, 403, 407, 409, 410]",Yes
77,"(26.549027777777777, 103.5201388888889)",ZPPPAR01,"[301, 308, 411, 412]",Yes
78,"(25.827944444444448, 104.0463888888889)",ZPPPAR02,"[411, 413]",Yes
79,"(24.014938271604937, 104.09719135802467)",ZPPPAR03,"[311, 413, 414, 415, 416, 417]",Yes
80,"(22.63083333333333, 101.55849206349205)",ZPPPAR04,"[414, 418, 419]",Yes
81,"(24.07576388888889, 100.47652777777778)",ZPPPAR05,"[415, 418, 420]",Yes
82,"(25.82447222222222, 99.61052777777778)",ZPPPAR06,"[264, 309, 412, 416, 419, 420]",Yes
83,"(37.78645833333333, 106.37604166666667)",ZLLLAR02,"[190, 421, 422, 423]",Yes
84,"(40.89523148148149, 102.0513888888889)",ZLLLAR03,"[191, 424, 425]",Yes
85,"(35.405277777777776, 95.84777777777778)",ZLLLAR04,"[426, 427, 428, 429]",Yes
86,"(35.19166666666666, 102.7820987654321)",ZLLLAR06,"[268, 297, 426, 430, 431, 432, 433, 434]",Yes
87,"(38.08254629629629, 98.74615740740741)",ZLLLAR07,"[427, 430, 435, 436]",Yes
88,"(35.906597222222224, 105.84541666666667)",ZLLLAR08,"[421, 431, 437, 438, 439]",Yes
89,"(41.33340277777778, 97.88086805555555)",ZLLLAR09,"[424, 440, 441]",Yes
90,"(38.65810185185185, 104.83435185185185)",ZLLLAR11,"[192, 422, 425, 437]",Yes
91,"(39.613777777777784, 95.01072222222221)",ZLLLAR12,"[428, 435, 440]",Yes
92,"(36.702222222222225, 102.81146825396824)",ZLLLAR15,"[432, 436, 438]",Yes
93,"(23.59316666666667, 109.47672222222222)",ZGNNAR04,"[344, 383, 442, 443, 444]",Yes
94,"(24.11916666666667, 107.18763888888888)",ZGNNAR05,"[312, 345, 417, 445]",Yes
95,"(22.236190476190476, 108.08710317460317)",ZGNNAR06,"[442, 445, 446, 447]",Yes
96,"(37.11677777777778, 122.63799999999999)",ZSQDAR01,"[315, 324, 448, 449, 450, 451]",Yes
97,"(37.4195, 121.24749999999999)",ZSQDAR02,"[231, 234, 316, 325, 448, 452, 453, 454]",Yes
98,"(37.99175925925926, 123.38074074074075)",ZSQDAR04,"[317, 326, 449, 452]",Yes
99,"(35.68729166666667, 121.05055555555556)",ZSQDAR07,"[235, 238, 450, 453, 455, 456, 457]",Yes
100,"(35.72555555555556, 123.14395833333333)",ZSQDAR08,"[451, 454, 455, 458]",Yes
101,"(19.59690972222222, 109.41607638888888)",ZJSYAR01,"[373, 446, 459, 460, 461]",Yes
102,"(17.70652777777778, 110.65768518518519)",ZJSYAR02,"[459, 462]",Yes
103,"(16.17875, 112.38662037037038)",ZJSYAR03,[462],Yes
104,"(21.334444444444443, 110.87604166666667)",ZJSYAR11,"[374, 384, 443, 460, 463]",Yes
105,"(21.330462962962965, 109.60305555555556)",ZJSYAR12,"[444, 447, 461, 463]",Yes
106,"(29.71388888888889, 119.75819444444446)",ZSSSAR01,"[464, 465, 466, 467, 468, 469, 470, 471]",Yes
107,"(29.028796296296296, 120.61925925925925)",ZSSSAR02,"[464, 472, 473, 474, 475, 476, 477]",Yes
108,"(31.719583333333333, 124.5)",ZSSSAR03,[],Yes
109,"(32.44990740740741, 120.47398148148149)",ZSSSAR04,"[478, 479, 480, 481, 482, 483, 484]",Yes
110,"(31.063425925925927, 122.25240740740742)",ZSSSAR05,"[478, 485, 486, 487, 488, 489]",Yes
111,"(33.54672222222222, 122.37111111111112)",ZSSSAR07,"[456, 458, 479, 490, 491, 492, 493]",Yes
112,"(29.036805555555556, 122.52305555555554)",ZSSSAR08,"[472, 485, 494, 495, 496, 497]",Yes
113,"(26.915444444444443, 117.99905555555556)",ZSSSAR09,"[399, 498, 499, 500, 501, 502, 503]",Yes
114,"(25.556180555555557, 116.6917361111111)",ZSSSAR10,"[398, 400, 498, 504, 505, 506, 507]",Yes
115,"(28.042430555555555, 114.98923611111111)",ZSSSAR11,"[356, 380, 393, 401, 508, 509, 510]",Yes
116,"(28.49564814814815, 116.62194444444445)",ZSSSAR12,"[508, 511, 512, 513, 514, 515]",Yes
117,"(33.18194444444445, 116.89833333333333)",ZSSSAR13,"[239, 248, 366, 516, 517, 518, 519, 520]",Yes
118,"(30.36935185185185, 119.81712962962963)",ZSSSAR15,"[465, 473, 521, 522, 523]",Yes
119,"(34.31398148148148, 117.75157407407407)",ZSSSAR16,"[516, 524, 525]",Yes
120,"(30.56566666666667, 117.56455555555556)",ZSSSAR17,"[394, 466, 526, 527, 528, 529, 530, 531]",Yes
121,"(27.96201388888889, 120.46770833333333)",ZSSSAR18,"[474, 494, 532, 533, 534]",Yes
122,"(28.476481481481482, 119.35055555555554)",ZSSSAR19,"[467, 475, 499, 532, 535, 536, 537]",Yes
123,"(27.468888888888888, 116.39851851851851)",ZSSSAR20,"[402, 500, 504, 509, 511, 538]",Yes
124,"(29.605740740740742, 117.90925925925926)",ZSSSAR21,"[468, 512, 526, 539, 540, 541, 542]",Yes
125,"(31.908703703703697, 117.6550925925926)",ZSSSAR23,"[517, 527, 543, 544, 545, 546]",Yes
126,"(32.503125, 121.96805555555555)",ZSSSAR24,"[480, 486, 490, 547, 548]",Yes
127,"(31.301851851851854, 116.23203703703705)",ZSSSAR25,"[395, 518, 528, 543, 549]",Yes
128,"(32.07685185185185, 119.6301851851852)",ZSSSAR26,"[481, 550, 551, 552, 553]",Yes
129,"(30.951666666666664, 119.11074074074075)",ZSSSAR27,"[469, 521, 529, 539, 544, 550, 554, 555]",Yes
130,"(27.946574074074075, 121.69398148148149)",ZSSSAR28,"[476, 495, 533, 556]",Yes
131,"(26.584490740740744, 119.73046296296296)",ZSSSAR29,"[501, 505, 534, 535, 556, 557]",Yes
132,"(24.589861111111112, 117.77937499999999)",ZSSSAR30,"[502, 506, 557, 558]",Yes
133,"(28.912916666666668, 118.97069444444445)",ZSSSAR31,"[470, 513, 536, 540, 559]",Yes
134,"(29.852847222222223, 121.31548611111111)",ZSSSAR32,"[471, 477, 487, 496, 522, 560]",Yes
135,"(31.00166666666667, 123.29375)",ZSSSAR33,"[488, 491, 497, 547]",Yes
136,"(32.16555555555556, 118.70944444444444)",ZSSSAR34,"[482, 519, 530, 545, 551, 554, 561]",Yes
137,"(28.201851851851853, 117.43870370370371)",ZSSSAR35,"[503, 514, 537, 538, 541, 559]",Yes
138,"(34.50805555555556, 119.15340277777779)",ZSSSAR36,"[240, 457, 492, 524, 562]",Yes
139,"(31.100740740740736, 121.06416666666667)",ZSSSAR37,"[483, 489, 523, 548, 552, 555, 560]",Yes
140,"(33.301611111111114, 118.91372222222223)",ZSSSAR38,"[484, 493, 520, 525, 546, 553, 561, 562]",Yes
141,"(29.382708333333337, 115.88597222222222)",ZSSSAR39,"[357, 381, 396, 510, 515, 531, 542, 549]",Yes
142,"(23.825694444444444, 116.39951388888889)",ZSSSAR40,"[339, 507, 558]",Yes
143,"(45.47083333333333, 118.73416666666665)",ZYTXAR05,"[168, 408, 409, 563, 564]",Yes
144,"(43.38101851851852, 125.7672685185185)",ZYTXAR08,"[404, 405, 410, 565, 566]",Yes
145,"(41.15361111111111, 120.33824074074073)",ZYTXAR09,"[225, 228, 318, 321, 567, 568, 569, 570]",Yes
146,"(43.63688888888888, 122.99744444444443)",ZYTXAR10,"[406, 563, 565, 567, 571, 572]",Yes
147,"(43.537, 121.53555555555556)",ZYTXAR11,"[564, 568, 571, 573, 574]",Yes
148,"(41.58222222222222, 122.76793650793651)",ZYTXAR12,"[322, 566, 569, 572, 573]",Yes
149,"(42.658541666666665, 119.13291666666666)",ZYTXAR13,"[172, 570, 574]",Yes
150,"(42.29912698412698, 93.36488095238096)",ZWWWAR01,"[441, 575, 576]",Yes
151,"(46.40476851851852, 85.5310339506173)",ZWWWAR02,"[577, 578, 579]",Yes
152,"(42.958373015873015, 84.14964285714287)",ZWWWAR03,"[577, 580]",Yes
153,"(42.43507936507935, 89.43630952380953)",ZWWWAR04,"[575, 578, 581, 582, 583]",Yes
154,"(39.60777777777778, 87.00561728395061)",ZWWWAR05,"[429, 581]",Yes
155,"(41.473209876543216, 81.63033950617283)",ZWWWAR06,"[580, 584]",Yes
156,"(43.821064814814825, 91.76351851851854)",ZWWWAR07,"[576, 582, 585]",Yes
157,"(44.76768518518518, 89.8100925925926)",ZWWWAR08,"[579, 583, 585]",Yes
158,"(36.254106280193234, 78.35887681159419)",ZWWWAR09,[584],Yes
159,"(32.69675925925926, 108.71999999999998)",ZLXYAR05,"[294, 361, 586, 587, 588, 589]",Yes
160,"(36.70538888888889, 109.40105555555556)",ZLXYAR06,"[590, 591, 592, 593, 594]",Yes
161,"(33.64738888888889, 109.95133333333334)",ZLXYAR07,"[252, 257, 362, 586, 590, 595, 596, 597]",Yes
162,"(33.23979166666667, 107.25076388888888)",ZLXYAR08,"[269, 298, 433, 587, 598, 599]",Yes
163,"(38.22233333333334, 109.55344444444445)",ZLXYAR10,"[188, 193, 200, 423, 591, 600]",Yes
164,"(35.51423611111111, 111.19131944444445)",ZLXYAR11,"[206, 253, 255, 592, 595, 601, 602]",Yes
165,"(34.667291666666664, 108.60159722222222)",ZLXYAR12,"[588, 593, 596, 598, 601, 603]",Yes
166,"(35.39888888888889, 108.29322222222223)",ZLXYAR13,"[434, 439, 589, 594, 597, 599, 600, 602, 603]",Yes
167,"[42.43138888888889, 115.17888888888889]",VirtualNode0,"[0, 1]",No
168,"[44.31625, 116.43513888888889]",VirtualNode1,"[0, 143]",No
169,"[41.19694444444444, 116.16027777777778]",VirtualNode2,"[1, 2]",No
170,"[41.73375, 117.73819444444445]",VirtualNode3,"[1, 3]",No
171,"[41.52444444444444, 115.07402777777777]",VirtualNode4,"[1, 4]",No
172,"[42.16361111111111, 118.19291666666666]",VirtualNode5,"[1, 149]",No
173,"[40.74638888888889, 116.92027777777778]",VirtualNode6,"[2, 3]",No
174,"[40.81861111111111, 115.76944444444445]",VirtualNode7,"[2, 4]",No
175,"[39.799166666666665, 116.22833333333334]",VirtualNode8,"[2, 5]",No
176,"[39.799166666666665, 116.85416666666666]",VirtualNode9,"[2, 16]",No
177,"[40.019444444444446, 117.20555555555556]",VirtualNode10,"[2, 17]",No
178,"[40.019444444444446, 117.20555555555556]",VirtualNode11,"[3, 16]",No
179,"[40.35611111111111, 118.09125]",VirtualNode12,"[3, 17]",No
180,"[40.18083333333333, 113.91055555555556]",VirtualNode13,"[4, 5]",No
181,"[40.879444444444445, 114.25472222222223]",VirtualNode14,"[4, 27]",No
182,"[39.21888888888889, 113.68416666666667]",VirtualNode15,"[5, 9]",No
183,"[39.069722222222225, 114.99416666666667]",VirtualNode16,"[5, 11]",No
184,"[39.68402777777778, 116.1236111111111]",VirtualNode17,"[5, 16]",No
185,"[40.064305555555556, 113.56361111111111]",VirtualNode18,"[5, 27]",No
186,"[40.84666666666667, 110.77472222222222]",VirtualNode19,"[6, 7]",No
187,"[39.55291666666667, 111.6211111111111]",VirtualNode20,"[6, 9]",No
188,"[39.0375, 111.07083333333333]",VirtualNode21,"[6, 163]",No
189,"[39.0375, 111.07083333333333]",VirtualNode22,"[7, 9]",No
190,"[39.08888888888889, 107.97083333333333]",VirtualNode23,"[7, 83]",No
191,"[41.7475, 105.22916666666667]",VirtualNode24,"[7, 84]",No
192,"[41.7475, 105.22916666666667]",VirtualNode25,"[7, 90]",No
193,"[39.06319444444445, 109.52083333333333]",VirtualNode26,"[7, 163]",No
194,"[38.39527777777778, 112.66722222222222]",VirtualNode27,"[8, 9]",No
195,"[36.87222222222222, 112.52125]",VirtualNode28,"[8, 10]",No
196,"[37.43291666666667, 113.61222222222221]",VirtualNode29,"[9, 10]",No
197,"[38.57055555555556, 113.96944444444445]",VirtualNode30,"[9, 11]",No
198,"[37.61527777777778, 114.2325]",VirtualNode31,"[9, 12]",No
199,"[39.974444444444444, 112.79208333333334]",VirtualNode32,"[9, 27]",No
200,"[39.0375, 111.07083333333333]",VirtualNode33,"[9, 163]",No
201,"[37.61527777777778, 114.2325]",VirtualNode34,"[10, 11]",No
202,"[36.968333333333334, 114.36569444444444]",VirtualNode35,"[10, 12]",No
203,"[36.32138888888889, 114.49888888888889]",VirtualNode36,"[10, 22]",No
204,"[35.48388888888889, 112.42083333333333]",VirtualNode37,"[10, 24]",No
205,"[35.48388888888889, 112.42083333333333]",VirtualNode38,"[10, 25]",No
206,"[35.48388888888889, 112.42083333333333]",VirtualNode39,"[10, 164]",No
207,"[37.719861111111115, 114.59833333333333]",VirtualNode40,"[11, 12]",No
208,"[38.28777777777778, 115.4388888888889]",VirtualNode41,"[11, 13]",No
209,"[38.64694444444444, 116.20444444444445]",VirtualNode42,"[11, 14]",No
210,"[39.10791666666667, 116.11166666666666]",VirtualNode43,"[11, 16]",No
211,"[37.42222222222222, 116.03388888888888]",VirtualNode44,"[12, 13]",No
212,"[37.161944444444444, 116.03597222222223]",VirtualNode45,"[12, 14]",No
213,"[36.64138888888889, 115.33055555555555]",VirtualNode46,"[12, 20]",No
214,"[36.48138888888889, 114.91472222222222]",VirtualNode47,"[12, 22]",No
215,"[38.2625, 116.0275]",VirtualNode48,"[13, 14]",No
216,"[38.64694444444444, 116.20444444444445]",VirtualNode49,"[13, 16]",No
217,"[38.278055555555554, 116.48472222222222]",VirtualNode50,"[14, 15]",No
218,"[38.64694444444444, 116.20444444444445]",VirtualNode51,"[14, 16]",No
219,"[38.6075, 117.67027777777778]",VirtualNode52,"[15, 16]",No
220,"[38.02597222222222, 117.62041666666667]",VirtualNode53,"[15, 19]",No
221,"[39.42666666666666, 117.31305555555555]",VirtualNode54,"[16, 17]",No
222,"[38.6075, 117.67027777777778]",VirtualNode55,"[16, 19]",No
223,"[38.96555555555556, 118.75444444444445]",VirtualNode56,"[17, 18]",No
224,"[38.68555555555555, 118.1875]",VirtualNode57,"[17, 19]",No
225,"[39.89972222222222, 119.34972222222221]",VirtualNode58,"[17, 145]",No
226,"[38.50986111111111, 119.34347222222223]",VirtualNode59,"[18, 19]",No
227,"[39.25, 119.9]",VirtualNode60,"[18, 45]",No
228,"[39.25, 119.9]",VirtualNode61,"[18, 145]",No
229,"[38.1, 119.53305555555555]",VirtualNode62,"[19, 20]",No
230,"[38.25, 120.0]",VirtualNode63,"[19, 45]",No
231,"[38.175, 119.76652777777778]",VirtualNode64,"[19, 97]",No
232,"[36.40972222222222, 117.21166666666667]",VirtualNode65,"[20, 21]",No
233,"[36.64138888888889, 115.33055555555555]",VirtualNode66,"[20, 22]",No
234,"[37.14972222222222, 119.53305555555555]",VirtualNode67,"[20, 97]",No
235,"[36.227777777777774, 119.79722222222222]",VirtualNode68,"[20, 99]",No
236,"[35.29972222222222, 115.06666666666666]",VirtualNode69,"[21, 22]",No
237,"[34.23888888888889, 116.12583333333333]",VirtualNode70,"[21, 23]",No
238,"[35.59430555555555, 119.48875000000001]",VirtualNode71,"[21, 99]",No
239,"[34.48083333333334, 116.52902777777777]",VirtualNode72,"[21, 117]",No
240,"[35.058055555555555, 119.25805555555556]",VirtualNode73,"[21, 138]",No
241,"[34.3725, 114.30638888888889]",VirtualNode74,"[22, 23]",No
242,"[34.91361111111111, 113.19361111111112]",VirtualNode75,"[22, 24]",No
243,"[34.91361111111111, 113.19361111111112]",VirtualNode76,"[22, 25]",No
244,"[33.76722222222222, 113.53138888888888]",VirtualNode77,"[23, 24]",No
245,"[33.89972222222222, 113.50944444444444]",VirtualNode78,"[23, 25]",No
246,"[33.00555555555556, 113.67097222222222]",VirtualNode79,"[23, 26]",No
247,"[32.52111111111111, 114.95152777777778]",VirtualNode80,"[23, 57]",No
248,"[34.23888888888889, 116.12583333333333]",VirtualNode81,"[23, 117]",No
249,"[34.12638888888889, 113.44027777777778]",VirtualNode82,"[24, 25]",No
250,"[33.76722222222222, 113.53138888888888]",VirtualNode83,"[24, 26]",No
251,"[33.54055555555556, 110.84888888888888]",VirtualNode84,"[24, 56]",No
252,"[33.54055555555556, 110.84888888888888]",VirtualNode85,"[24, 161]",No
253,"[35.48388888888889, 112.42083333333333]",VirtualNode86,"[24, 164]",No
254,"[33.97277777777778, 112.80277777777778]",VirtualNode87,"[25, 26]",No
255,"[35.48388888888889, 112.42083333333333]",VirtualNode88,"[25, 164]",No
256,"[33.54055555555556, 110.84888888888888]",VirtualNode89,"[26, 56]",No
257,"[33.54055555555556, 110.84888888888888]",VirtualNode90,"[26, 161]",No
258,"[31.070833333333333, 106.62194444444444]",VirtualNode91,"[28, 31]",No
259,"[30.503055555555555, 108.03805555555556]",VirtualNode92,"[28, 36]",No
260,"[31.650000000000002, 107.00944444444445]",VirtualNode93,"[28, 37]",No
261,"[30.786944444444444, 107.33]",VirtualNode94,"[28, 40]",No
262,"[29.91888888888889, 101.42833333333334]",VirtualNode95,"[29, 35]",No
263,"[28.889583333333334, 100.81430555555556]",VirtualNode96,"[29, 43]",No
264,"[28.17763888888889, 99.55430555555557]",VirtualNode97,"[29, 82]",No
265,"[31.24888888888889, 104.37888888888888]",VirtualNode98,"[30, 34]",No
266,"[31.87305555555556, 103.2211111111111]",VirtualNode99,"[30, 35]",No
267,"[31.800555555555555, 105.16833333333334]",VirtualNode100,"[30, 38]",No
268,"[32.45, 105.81666666666666]",VirtualNode101,"[30, 86]",No
269,"[32.45, 105.81666666666666]",VirtualNode102,"[30, 162]",No
270,"[29.852361111111108, 105.45069444444445]",VirtualNode103,"[31, 32]",No
271,"[29.701666666666664, 105.73305555555555]",VirtualNode104,"[31, 33]",No
272,"[30.6475, 105.36527777777778]",VirtualNode105,"[31, 34]",No
273,"[31.206944444444442, 106.09472222222222]",VirtualNode106,"[31, 37]",No
274,"[30.386249999999997, 106.1775]",VirtualNode107,"[31, 40]",No
275,"[29.265, 105.71680555555555]",VirtualNode108,"[32, 33]",No
276,"[30.386388888888888, 104.45083333333334]",VirtualNode109,"[32, 34]",No
277,"[30.059583333333332, 103.29500000000002]",VirtualNode110,"[32, 35]",No
278,"[28.569444444444443, 104.03555555555555]",VirtualNode111,"[32, 39]",No
279,"[29.701666666666664, 105.73305555555555]",VirtualNode112,"[32, 40]",No
280,"[29.388194444444444, 102.9961111111111]",VirtualNode113,"[32, 43]",No
281,"[29.12222222222222, 107.58680555555556]",VirtualNode114,"[33, 36]",No
282,"[28.584999999999997, 105.6913888888889]",VirtualNode115,"[33, 39]",No
283,"[29.723333333333333, 106.64472222222223]",VirtualNode116,"[33, 40]",No
284,"[28.462083333333332, 107.80972222222223]",VirtualNode117,"[33, 41]",No
285,"[28.237222222222222, 106.76916666666668]",VirtualNode118,"[33, 42]",No
286,"[30.561666666666667, 103.63499999999999]",VirtualNode119,"[34, 35]",No
287,"[31.233055555555556, 105.35694444444444]",VirtualNode120,"[34, 37]",No
288,"[31.421666666666667, 105.28944444444444]",VirtualNode121,"[34, 38]",No
289,"[29.97638888888889, 102.19069444444446]",VirtualNode122,"[35, 43]",No
290,"[30.10861111111111, 107.53875]",VirtualNode123,"[36, 40]",No
291,"[28.656666666666666, 108.75861111111111]",VirtualNode124,"[36, 41]",No
292,"[30.78805555555556, 109.33027777777778]",VirtualNode125,"[36, 56]",No
293,"[29.22972222222222, 109.26347222222222]",VirtualNode126,"[36, 70]",No
294,"[31.899722222222223, 109.51666666666667]",VirtualNode127,"[36, 159]",No
295,"[31.79555555555556, 106.14458333333333]",VirtualNode128,"[37, 38]",No
296,"[31.070833333333333, 106.62194444444444]",VirtualNode129,"[37, 40]",No
297,"[32.45, 105.81666666666666]",VirtualNode130,"[38, 86]",No
298,"[32.45, 105.81666666666666]",VirtualNode131,"[38, 162]",No
299,"[27.85, 105.04583333333333]",VirtualNode132,"[39, 42]",No
300,"[28.14388888888889, 103.07944444444443]",VirtualNode133,"[39, 43]",No
301,"[27.377222222222223, 103.58416666666668]",VirtualNode134,"[39, 77]",No
302,"[27.601805555555558, 107.30513888888889]",VirtualNode135,"[41, 42]",No
303,"[26.555555555555557, 107.95152777777778]",VirtualNode136,"[41, 44]",No
304,"[26.583055555555557, 109.31666666666666]",VirtualNode137,"[41, 53]",No
305,"[27.049861111111113, 109.38333333333333]",VirtualNode138,"[41, 65]",No
306,"[28.783055555555556, 109.38305555555554]",VirtualNode139,"[41, 70]",No
307,"[26.648055555555555, 106.60555555555555]",VirtualNode140,"[42, 44]",No
308,"[27.67638888888889, 104.49555555555555]",VirtualNode141,"[42, 77]",No
309,"[27.860277777777778, 100.20027777777779]",VirtualNode142,"[43, 82]",No
310,"[25.699722222222224, 107.65]",VirtualNode143,"[44, 53]",No
311,"[24.649722222222223, 105.79972222222221]",VirtualNode144,"[44, 79]",No
312,"[25.174722222222222, 106.72486111111111]",VirtualNode145,"[44, 94]",No
313,"[38.70916666666667, 121.06777777777778]",VirtualNode146,"[45, 46]",No
314,"[38.33638888888889, 122.12972222222223]",VirtualNode147,"[45, 47]",No
315,"[38.25, 122.21555555555555]",VirtualNode148,"[45, 96]",No
316,"[38.25, 121.10777777777778]",VirtualNode149,"[45, 97]",No
317,"[38.25, 122.21555555555555]",VirtualNode150,"[45, 98]",No
318,"[39.25, 119.9]",VirtualNode151,"[45, 145]",No
319,"[38.62472222222222, 122.79972222222221]",VirtualNode152,"[46, 47]",No
320,"[39.14666666666667, 123.15277777777777]",VirtualNode153,"[46, 48]",No
321,"[40.32791666666667, 121.29499999999999]",VirtualNode154,"[46, 145]",No
322,"[40.533055555555556, 121.56666666666666]",VirtualNode155,"[46, 148]",No
323,"[38.82666666666667, 123.55555555555556]",VirtualNode156,"[47, 48]",No
324,"[38.25, 122.21555555555555]",VirtualNode157,"[47, 96]",No
325,"[38.25, 122.21555555555555]",VirtualNode158,"[47, 97]",No
326,"[38.25, 123.0]",VirtualNode159,"[47, 98]",No
327,"[40.97097222222222, 124.80347222222221]",VirtualNode160,"[48, 49]",No
328,"[43.74444444444445, 128.5263888888889]",VirtualNode161,"[49, 73]",No
329,"[43.74444444444445, 128.5263888888889]",VirtualNode162,"[49, 76]",No
330,"[23.55666666666667, 115.09277777777778]",VirtualNode163,"[50, 52]",No
331,"[24.293055555555558, 114.73472222222222]",VirtualNode164,"[50, 67]",No
332,"[24.386944444444445, 115.2161111111111]",VirtualNode165,"[50, 71]",No
333,"[24.510555555555555, 112.52944444444444]",VirtualNode166,"[51, 58]",No
334,"[23.471527777777776, 112.95902777777778]",VirtualNode167,"[51, 62]",No
335,"[23.408055555555553, 112.53305555555555]",VirtualNode168,"[51, 63]",No
336,"[24.678194444444443, 113.1248611111111]",VirtualNode169,"[51, 66]",No
337,"[24.05652777777778, 113.59555555555556]",VirtualNode170,"[51, 67]",No
338,"[23.256666666666668, 114.18805555555556]",VirtualNode171,"[52, 62]",No
339,"[23.259444444444444, 115.75888888888889]",VirtualNode172,"[52, 142]",No
340,"[25.675694444444446, 110.69680555555556]",VirtualNode173,"[53, 54]",No
341,"[24.815416666666664, 111.31263888888888]",VirtualNode174,"[53, 58]",No
342,"[24.250694444444445, 111.27777777777777]",VirtualNode175,"[53, 63]",No
343,"[26.072222222222223, 110.05222222222221]",VirtualNode176,"[53, 65]",No
344,"[24.398333333333333, 110.01249999999999]",VirtualNode177,"[53, 93]",No
345,"[25.699722222222224, 107.65]",VirtualNode178,"[53, 94]",No
346,"[26.908055555555553, 112.63305555555554]",VirtualNode179,"[54, 55]",No
347,"[25.279166666666665, 111.34138888888889]",VirtualNode180,"[54, 58]",No
348,"[26.908055555555553, 112.63305555555554]",VirtualNode181,"[54, 60]",No
349,"[26.072222222222223, 110.05222222222221]",VirtualNode182,"[54, 65]",No
350,"[28.122777777777777, 110.6975]",VirtualNode183,"[54, 70]",No
351,"[27.628333333333334, 113.52833333333334]",VirtualNode184,"[55, 60]",No
352,"[29.033055555555556, 114.56666666666666]",VirtualNode185,"[55, 61]",No
353,"[29.53388888888889, 112.53472222222221]",VirtualNode186,"[55, 64]",No
354,"[29.033055555555556, 114.56666666666666]",VirtualNode187,"[55, 69]",No
355,"[28.51638888888889, 112.20916666666668]",VirtualNode188,"[55, 70]",No
356,"[29.033055555555556, 114.56666666666666]",VirtualNode189,"[55, 115]",No
357,"[29.033055555555556, 114.56666666666666]",VirtualNode190,"[55, 141]",No
358,"[32.22486111111111, 112.01625]",VirtualNode191,"[56, 57]",No
359,"[30.561666666666667, 111.47694444444444]",VirtualNode192,"[56, 64]",No
360,"[29.638888888888893, 110.15958333333333]",VirtualNode193,"[56, 70]",No
361,"[31.899722222222223, 109.51666666666667]",VirtualNode194,"[56, 159]",No
362,"[33.267361111111114, 110.63555555555556]",VirtualNode195,"[56, 161]",No
363,"[30.994444444444447, 113.77652777777777]",VirtualNode196,"[57, 61]",No
364,"[31.31666666666667, 112.43666666666667]",VirtualNode197,"[57, 64]",No
365,"[31.29138888888889, 114.7975]",VirtualNode198,"[57, 69]",No
366,"[32.183055555555555, 115.67472222222223]",VirtualNode199,"[57, 117]",No
367,"[25.569166666666668, 112.35916666666667]",VirtualNode200,"[58, 60]",No
368,"[23.408055555555553, 112.53305555555555]",VirtualNode201,"[58, 62]",No
369,"[23.87986111111111, 111.90847222222222]",VirtualNode202,"[58, 63]",No
370,"[25.055833333333332, 112.35916666666667]",VirtualNode203,"[58, 66]",No
371,"[22.8, 112.48805555555556]",VirtualNode204,"[59, 62]",No
372,"[22.323194444444447, 111.99805555555557]",VirtualNode205,"[59, 63]",No
373,"[20.5, 111.5]",VirtualNode206,"[59, 101]",No
374,"[21.572222222222223, 111.83055555555555]",VirtualNode207,"[59, 104]",No
375,"[25.753333333333334, 113.02833333333334]",VirtualNode208,"[60, 66]",No
376,"[25.9375, 113.6975]",VirtualNode209,"[60, 68]",No
377,"[26.989722222222223, 114.02527777777777]",VirtualNode210,"[60, 72]",No
378,"[30.21638888888889, 113.18527777777778]",VirtualNode211,"[61, 64]",No
379,"[30.08888888888889, 114.30916666666667]",VirtualNode212,"[61, 69]",No
380,"[29.033055555555556, 114.56666666666666]",VirtualNode213,"[61, 115]",No
381,"[29.033055555555556, 114.56666666666666]",VirtualNode214,"[61, 141]",No
382,"[23.104027777777777, 112.51055555555556]",VirtualNode215,"[62, 63]",No
383,"[22.664027777777775, 110.66722222222222]",VirtualNode216,"[63, 93]",No
384,"[22.157361111111108, 111.14638888888888]",VirtualNode217,"[63, 104]",No
385,"[29.60138888888889, 111.17527777777778]",VirtualNode218,"[64, 70]",No
386,"[28.009305555555557, 110.0638888888889]",VirtualNode219,"[65, 70]",No
387,"[25.20777777777778, 113.63444444444445]",VirtualNode220,"[66, 67]",No
388,"[25.57263888888889, 113.66597222222222]",VirtualNode221,"[66, 68]",No
389,"[25.003888888888888, 114.24208333333334]",VirtualNode222,"[67, 68]",No
390,"[24.613194444444446, 114.8073611111111]",VirtualNode223,"[67, 71]",No
391,"[25.434444444444445, 114.98944444444444]",VirtualNode224,"[68, 71]",No
392,"[25.80666666666667, 114.87638888888888]",VirtualNode225,"[68, 72]",No
393,"[29.033055555555556, 114.56666666666666]",VirtualNode226,"[69, 115]",No
394,"[30.083055555555557, 115.93305555555555]",VirtualNode227,"[69, 120]",No
395,"[30.083055555555557, 115.93305555555555]",VirtualNode228,"[69, 127]",No
396,"[29.558055555555555, 115.2498611111111]",VirtualNode229,"[69, 141]",No
397,"[25.749583333333334, 115.32888888888888]",VirtualNode230,"[71, 72]",No
398,"[25.360833333333336, 115.58055555555555]",VirtualNode231,"[71, 114]",No
399,"[26.83888888888889, 116.48583333333333]",VirtualNode232,"[72, 113]",No
400,"[26.83888888888889, 116.48583333333333]",VirtualNode233,"[72, 114]",No
401,"[27.505277777777778, 114.16027777777778]",VirtualNode234,"[72, 115]",No
402,"[26.83888888888889, 116.48583333333333]",VirtualNode235,"[72, 123]",No
403,"[43.74444444444445, 128.5263888888889]",VirtualNode236,"[73, 76]",No
404,"[43.697500000000005, 126.56597222222221]",VirtualNode237,"[73, 144]",No
405,"[44.08777777777778, 124.89694444444446]",VirtualNode238,"[74, 144]",No
406,"[44.809999999999995, 123.075]",VirtualNode239,"[74, 146]",No
407,"[48.51972222222222, 123.06472222222222]",VirtualNode240,"[75, 76]",No
408,"[46.3425, 120.92013888888889]",VirtualNode241,"[75, 143]",No
409,"[46.07, 122.07305555555556]",VirtualNode242,"[76, 143]",No
410,"[43.697500000000005, 126.56597222222221]",VirtualNode243,"[76, 144]",No
411,"[26.068055555555556, 103.77388888888889]",VirtualNode244,"[77, 78]",No
412,"[25.416666666666668, 102.41666666666667]",VirtualNode245,"[77, 82]",No
413,"[25.834166666666665, 105.29805555555555]",VirtualNode246,"[78, 79]",No
414,"[24.59402777777778, 102.63819444444445]",VirtualNode247,"[79, 80]",No
415,"[25.079722222222223, 102.51805555555555]",VirtualNode248,"[79, 81]",No
416,"[25.079722222222223, 102.51805555555555]",VirtualNode249,"[79, 82]",No
417,"[23.92263888888889, 105.67069444444445]",VirtualNode250,"[79, 94]",No
418,"[24.69, 102.09819444444445]",VirtualNode251,"[80, 81]",No
419,"[25.079722222222223, 102.51805555555555]",VirtualNode252,"[80, 82]",No
420,"[24.77027777777778, 101.15861111111111]",VirtualNode253,"[81, 82]",No
421,"[36.36069444444445, 106.52000000000001]",VirtualNode254,"[83, 88]",No
422,"[37.65833333333333, 105.47902777777777]",VirtualNode255,"[83, 90]",No
423,"[39.08888888888889, 107.97083333333333]",VirtualNode256,"[83, 163]",No
424,"[38.909444444444446, 99.21861111111112]",VirtualNode257,"[84, 89]",No
425,"[39.87375, 103.29722222222222]",VirtualNode258,"[84, 90]",No
426,"[34.5, 102.61666666666666]",VirtualNode259,"[85, 86]",No
427,"[37.52597222222222, 97.48430555555555]",VirtualNode260,"[85, 87]",No
428,"[38.50666666666667, 93.32430555555555]",VirtualNode261,"[85, 91]",No
429,"[37.31236111111111, 88.66486111111111]",VirtualNode262,"[85, 154]",No
430,"[36.992777777777775, 99.54152777777777]",VirtualNode263,"[86, 87]",No
431,"[35.29902777777778, 105.61277777777778]",VirtualNode264,"[86, 88]",No
432,"[35.782222222222224, 103.20416666666667]",VirtualNode265,"[86, 92]",No
433,"[32.45, 105.81666666666666]",VirtualNode266,"[86, 162]",No
434,"[34.89138888888889, 106.84972222222221]",VirtualNode267,"[86, 166]",No
435,"[38.99, 96.58527777777778]",VirtualNode268,"[87, 91]",No
436,"[37.62027777777778, 101.00444444444445]",VirtualNode269,"[87, 92]",No
437,"[36.581944444444446, 105.86972222222222]",VirtualNode270,"[88, 90]",No
438,"[36.29777777777778, 104.68083333333334]",VirtualNode271,"[88, 92]",No
439,"[34.89138888888889, 106.84972222222221]",VirtualNode272,"[88, 166]",No
440,"[40.308055555555555, 96.08805555555556]",VirtualNode273,"[89, 91]",No
441,"[41.79138888888889, 95.13166666666666]",VirtualNode274,"[89, 150]",No
442,"[23.130555555555556, 109.075]",VirtualNode275,"[93, 95]",No
443,"[22.46833333333333, 110.78472222222221]",VirtualNode276,"[93, 104]",No
444,"[22.504722222222224, 109.46972222222223]",VirtualNode277,"[93, 105]",No
445,"[23.249861111111112, 108.01819444444445]",VirtualNode278,"[94, 95]",No
446,"[20.5, 108.64986111111111]",VirtualNode279,"[95, 101]",No
447,"[21.629722222222224, 108.96972222222223]",VirtualNode280,"[95, 105]",No
448,"[37.184999999999995, 122.22472222222223]",VirtualNode281,"[96, 97]",No
449,"[37.47527777777778, 123.11999999999999]",VirtualNode282,"[96, 98]",No
450,"[36.26277777777778, 122.26416666666667]",VirtualNode283,"[96, 99]",No
451,"[36.41083333333333, 123.36555555555555]",VirtualNode284,"[96, 100]",No
452,"[38.25, 122.21555555555555]",VirtualNode285,"[97, 98]",No
453,"[36.286944444444444, 120.36833333333333]",VirtualNode286,"[97, 99]",No
454,"[36.26277777777778, 122.26416666666667]",VirtualNode287,"[97, 100]",No
455,"[35.702083333333334, 122.28791666666666]",VirtualNode288,"[99, 100]",No
456,"[35.14138888888889, 119.91083333333334]",VirtualNode289,"[99, 111]",No
457,"[35.099722222222226, 119.58444444444444]",VirtualNode290,"[99, 138]",No
458,"[35.14138888888889, 124.0]",VirtualNode291,"[100, 111]",No
459,"[17.666666666666668, 109.66666666666667]",VirtualNode292,"[101, 102]",No
460,"[20.5, 110.00472222222223]",VirtualNode293,"[101, 104]",No
461,"[20.5, 109.62736111111111]",VirtualNode294,"[101, 105]",No
462,"[17.0, 111.5]",VirtualNode295,"[102, 103]",No
463,"[21.495694444444446, 110.00472222222223]",VirtualNode296,"[104, 105]",No
464,"[29.259166666666665, 120.12333333333332]",VirtualNode297,"[106, 107]",No
465,"[29.98986111111111, 119.61527777777778]",VirtualNode298,"[106, 118]",No
466,"[30.144166666666667, 118.70555555555556]",VirtualNode299,"[106, 120]",No
467,"[29.399722222222223, 119.63583333333334]",VirtualNode300,"[106, 122]",No
468,"[29.54416666666667, 118.70805555555556]",VirtualNode301,"[106, 124]",No
469,"[30.119444444444444, 118.84722222222223]",VirtualNode302,"[106, 129]",No
470,"[29.54277777777778, 119.27472222222222]",VirtualNode303,"[106, 133]",No
471,"[29.884999999999998, 120.24166666666667]",VirtualNode304,"[106, 134]",No
472,"[28.625, 121.44638888888889]",VirtualNode305,"[107, 112]",No
473,"[29.884999999999998, 120.24166666666667]",VirtualNode306,"[107, 118]",No
474,"[28.449722222222224, 120.71666666666667]",VirtualNode307,"[107, 121]",No
475,"[28.85361111111111, 120.07374999999999]",VirtualNode308,"[107, 122]",No
476,"[28.625, 121.44638888888889]",VirtualNode309,"[107, 130]",No
477,"[29.598055555555554, 120.81472222222222]",VirtualNode310,"[107, 134]",No
478,"[31.72833333333333, 121.40027777777779]",VirtualNode311,"[109, 110]",No
479,"[33.45, 120.52666666666667]",VirtualNode312,"[109, 111]",No
480,"[31.72833333333333, 121.40027777777779]",VirtualNode313,"[109, 126]",No
481,"[32.171388888888885, 119.495]",VirtualNode314,"[109, 128]",No
482,"[32.48486111111111, 119.19125]",VirtualNode315,"[109, 136]",No
483,"[31.72833333333333, 121.40027777777779]",VirtualNode316,"[109, 139]",No
484,"[33.12416666666667, 119.70708333333334]",VirtualNode317,"[109, 140]",No
485,"[30.25, 122.2]",VirtualNode318,"[110, 112]",No
486,"[31.87666666666667, 121.7863888888889]",VirtualNode319,"[110, 126]",No
487,"[30.25, 122.2]",VirtualNode320,"[110, 134]",No
488,"[31.490555555555552, 122.775]",VirtualNode321,"[110, 135]",No
489,"[31.170555555555556, 121.78222222222222]",VirtualNode322,"[110, 139]",No
490,"[33.183055555555555, 122.64666666666668]",VirtualNode323,"[111, 126]",No
491,"[32.54680555555555, 123.47833333333332]",VirtualNode324,"[111, 135]",No
492,"[34.315555555555555, 120.23472222222222]",VirtualNode325,"[111, 138]",No
493,"[33.882777777777775, 120.38069444444444]",VirtualNode326,"[111, 140]",No
494,"[28.625, 121.44638888888889]",VirtualNode327,"[112, 121]",No
495,"[28.262777777777778, 122.15527777777777]",VirtualNode328,"[112, 130]",No
496,"[30.143194444444447, 122.1]",VirtualNode329,"[112, 134]",No
497,"[30.586388888888887, 122.4]",VirtualNode330,"[112, 135]",No
498,"[25.974444444444444, 117.22083333333333]",VirtualNode331,"[113, 114]",No
499,"[27.785833333333333, 118.81791666666666]",VirtualNode332,"[113, 122]",No
500,"[27.019305555555555, 116.72625]",VirtualNode333,"[113, 123]",No
501,"[26.75, 118.41666666666667]",VirtualNode334,"[113, 131]",No
502,"[25.65833333333333, 118.00055555555555]",VirtualNode335,"[113, 132]",No
503,"[27.799166666666668, 118.25986111111112]",VirtualNode336,"[113, 137]",No
504,"[26.83888888888889, 116.48583333333333]",VirtualNode337,"[114, 123]",No
505,"[25.65833333333333, 118.00055555555555]",VirtualNode338,"[114, 131]",No
506,"[25.0125, 117.35027777777778]",VirtualNode339,"[114, 132]",No
507,"[24.4925, 116.17194444444445]",VirtualNode340,"[114, 142]",No
508,"[28.37666666666667, 115.51972222222223]",VirtualNode341,"[115, 116]",No
509,"[27.418333333333333, 115.88513888888889]",VirtualNode342,"[115, 123]",No
510,"[28.79638888888889, 115.05222222222221]",VirtualNode343,"[115, 141]",No
511,"[28.135277777777777, 116.53666666666666]",VirtualNode344,"[116, 123]",No
512,"[29.02888888888889, 117.67319444444445]",VirtualNode345,"[116, 124]",No
513,"[28.791944444444447, 117.79138888888889]",VirtualNode346,"[116, 133]",No
514,"[28.463611111111113, 117.16402777777778]",VirtualNode347,"[116, 137]",No
515,"[28.912777777777777, 116.54638888888888]",VirtualNode348,"[116, 141]",No
516,"[33.81722222222223, 117.60777777777777]",VirtualNode349,"[117, 119]",No
517,"[32.31055555555555, 117.4659722222222]",VirtualNode350,"[117, 125]",No
518,"[31.911250000000003, 116.38152777777778]",VirtualNode351,"[117, 127]",No
519,"[32.666666666666664, 117.88305555555554]",VirtualNode352,"[117, 136]",No
520,"[33.24194444444444, 117.74541666666666]",VirtualNode353,"[117, 140]",No
521,"[30.628333333333334, 119.88194444444444]",VirtualNode354,"[118, 129]",No
522,"[30.13236111111111, 120.59194444444445]",VirtualNode355,"[118, 134]",No
523,"[30.379722222222224, 120.94222222222223]",VirtualNode356,"[118, 139]",No
524,"[34.35166666666667, 118.385]",VirtualNode357,"[119, 138]",No
525,"[33.818333333333335, 118.15972222222223]",VirtualNode358,"[119, 140]",No
526,"[29.855, 117.50638888888889]",VirtualNode359,"[120, 124]",No
527,"[31.373055555555553, 117.83888888888889]",VirtualNode360,"[120, 125]",No
528,"[30.712916666666665, 116.45513888888888]",VirtualNode361,"[120, 127]",No
529,"[30.77375, 118.70305555555555]",VirtualNode362,"[120, 129]",No
530,"[31.403333333333332, 118.70055555555555]",VirtualNode363,"[120, 136]",No
531,"[29.96902777777778, 116.71972222222223]",VirtualNode364,"[120, 141]",No
532,"[28.448055555555555, 120.02416666666666]",VirtualNode365,"[121, 122]",No
533,"[27.823888888888888, 120.9825]",VirtualNode366,"[121, 130]",No
534,"[27.387500000000003, 120.20013888888889]",VirtualNode367,"[121, 131]",No
535,"[27.483055555555556, 119.45]",VirtualNode368,"[122, 131]",No
536,"[28.283055555555556, 118.66666666666667]",VirtualNode369,"[122, 133]",No
537,"[28.147916666666667, 118.28375]",VirtualNode370,"[122, 137]",No
538,"[27.76013888888889, 116.94777777777777]",VirtualNode371,"[123, 137]",No
539,"[30.144166666666667, 118.70555555555556]",VirtualNode372,"[124, 129]",No
540,"[29.167361111111113, 118.53305555555556]",VirtualNode373,"[124, 133]",No
541,"[28.791944444444447, 117.79138888888889]",VirtualNode374,"[124, 137]",No
542,"[29.477777777777778, 117.45]",VirtualNode375,"[124, 141]",No
543,"[31.684166666666666, 117.00805555555556]",VirtualNode376,"[125, 127]",No
544,"[31.403333333333332, 118.70055555555555]",VirtualNode377,"[125, 129]",No
545,"[31.716666666666665, 118.10499999999999]",VirtualNode378,"[125, 136]",No
546,"[32.666666666666664, 117.88305555555554]",VirtualNode379,"[125, 140]",No
547,"[32.10638888888889, 122.86583333333334]",VirtualNode380,"[126, 135]",No
548,"[31.72833333333333, 121.40027777777779]",VirtualNode381,"[126, 139]",No
549,"[30.083055555555557, 115.93305555555555]",VirtualNode382,"[127, 141]",No
550,"[31.33833333333333, 119.97791666666666]",VirtualNode383,"[128, 129]",No
551,"[32.171388888888885, 119.495]",VirtualNode384,"[128, 136]",No
552,"[31.454305555555557, 120.32097222222222]",VirtualNode385,"[128, 139]",No
553,"[32.93263888888889, 119.22083333333333]",VirtualNode386,"[128, 140]",No
554,"[31.380138888888887, 119.17166666666667]",VirtualNode387,"[129, 136]",No
555,"[31.31972222222222, 120.31305555555555]",VirtualNode388,"[129, 139]",No
556,"[27.223472222222224, 121.43069444444444]",VirtualNode389,"[130, 131]",No
557,"[24.690555555555555, 119.60499999999999]",VirtualNode390,"[131, 132]",No
558,"[24.366666666666667, 116.7]",VirtualNode391,"[132, 142]",No
559,"[28.445, 117.96305555555556]",VirtualNode392,"[133, 137]",No
560,"[30.317222222222224, 121.08097222222223]",VirtualNode393,"[134, 139]",No
561,"[32.79833333333333, 118.8875]",VirtualNode394,"[136, 140]",No
562,"[33.77472222222222, 119.11166666666666]",VirtualNode395,"[138, 140]",No
563,"[44.99388888888889, 122.93194444444445]",VirtualNode396,"[143, 146]",No
564,"[44.99388888888889, 122.93194444444445]",VirtualNode397,"[143, 147]",No
565,"[43.17222222222222, 123.5625]",VirtualNode398,"[144, 146]",No
566,"[42.21319444444444, 123.97791666666666]",VirtualNode399,"[144, 148]",No
567,"[42.32638888888889, 121.63222222222221]",VirtualNode400,"[145, 146]",No
568,"[42.14680555555556, 120.9773611111111]",VirtualNode401,"[145, 147]",No
569,"[41.57083333333334, 121.17722222222223]",VirtualNode402,"[145, 148]",No
570,"[41.69555555555556, 119.4736111111111]",VirtualNode403,"[145, 149]",No
571,"[43.44027777777777, 122.46916666666667]",VirtualNode404,"[146, 147]",No
572,"[42.309444444444445, 122.39027777777778]",VirtualNode405,"[146, 148]",No
573,"[42.32638888888889, 121.63222222222221]",VirtualNode406,"[147, 148]",No
574,"[42.982777777777784, 120.19513888888889]",VirtualNode407,"[147, 149]",No
575,"[41.55722222222222, 91.35833333333333]",VirtualNode408,"[150, 153]",No
576,"[41.55722222222222, 91.35833333333333]",VirtualNode409,"[150, 156]",No
577,"[44.274166666666666, 84.92555555555556]",VirtualNode410,"[151, 152]",No
578,"[44.170833333333334, 87.95305555555557]",VirtualNode411,"[151, 153]",No
579,"[45.419444444444444, 87.97027777777778]",VirtualNode412,"[151, 157]",No
580,"[42.17, 84.61777777777777]",VirtualNode413,"[152, 155]",No
581,"[41.166666666666664, 87.04666666666667]",VirtualNode414,"[153, 154]",No
582,"[42.03152777777778, 90.4363888888889]",VirtualNode415,"[153, 156]",No
583,"[44.170833333333334, 87.95305555555557]",VirtualNode416,"[153, 157]",No
584,"[40.064305555555556, 81.66055555555556]",VirtualNode417,"[155, 158]",No
585,"[44.51986111111111, 91.43833333333333]",VirtualNode418,"[156, 157]",No
586,"[32.89333333333333, 109.40361111111112]",VirtualNode419,"[159, 161]",No
587,"[33.013888888888886, 108.25722222222223]",VirtualNode420,"[159, 162]",No
588,"[33.78875, 108.95527777777778]",VirtualNode421,"[159, 165]",No
589,"[33.78875, 108.95527777777778]",VirtualNode422,"[159, 166]",No
590,"[35.12027777777778, 109.68333333333334]",VirtualNode423,"[160, 161]",No
591,"[37.58027777777778, 109.54194444444444]",VirtualNode424,"[160, 163]",No
592,"[36.11861111111111, 110.75027777777777]",VirtualNode425,"[160, 164]",No
593,"[35.27083333333333, 109.13986111111112]",VirtualNode426,"[160, 165]",No
594,"[35.421388888888885, 108.59638888888888]",VirtualNode427,"[160, 166]",No
595,"[34.33583333333333, 110.84388888888888]",VirtualNode428,"[161, 164]",No
596,"[34.422222222222224, 109.42250000000001]",VirtualNode429,"[161, 165]",No
597,"[34.422222222222224, 109.42250000000001]",VirtualNode430,"[161, 166]",No
598,"[34.06375, 108.06333333333333]",VirtualNode431,"[162, 165]",No
599,"[34.274166666666666, 107.37777777777777]",VirtualNode432,"[162, 166]",No
600,"[37.70805555555556, 107.58777777777777]",VirtualNode433,"[163, 166]",No
601,"[35.12027777777778, 109.68333333333334]",VirtualNode434,"[164, 165]",No
602,"[35.12027777777778, 109.68333333333334]",VirtualNode435,"[164, 166]",No
603,"[35.421388888888885, 108.59638888888888]",VirtualNode436,"[165, 166]",No
